feature	metadata	value	coef	stderr	N	N.not.0	pval	qval
Streptococcus_mitis	type	core	2.91974493892879	0.535006252695722	30	9	3.48794527143692e-05	0.0255317593869182
