feature	metadata	value	coef	stderr	N	N.not.0	pval	qval
Streptococcus_mitis	type	core	2.9197452966726	0.535006288231348	30	9	3.48794300982463e-05	0.0255317428319163
