feature	metadata	value	coef	stderr	N	N.not.0	pval	qval
Streptococcus_mitis	type	core	3.46668952252142	0.5674393943268	39	13	2.60550897450033e-06	0.00218341652063128
