feature	metadata	value	coef	stderr	N	N.not.0	pval	qval
Streptococcus_mitis	type	core	3.46668946695104	0.567439399874812	39	13	2.6055099814759e-06	0.00218341736447681
